name,date,year,Short Date,month_name,month_number,day_of_month,day_of_week,Weekday/Weekend,Week Number,notes,date_raw
National Bloody Mary Day,2025-01-01,2025,01-01-2025,January,1,1,Wednesday,Weekday,1,,2025-01-01
National Buffet Day,2025-01-02,2025,02-01-2025,January,1,2,Thursday,Weekday,1,,2025-01-02
National Cream Puff Day,2025-01-02,2025,02-01-2025,January,1,2,Thursday,Weekday,1,,2025-01-02
Fruitcake Toss Day,2025-01-03,2025,03-01-2025,January,1,3,Friday,Weekday,1,,2025-01-03
National Chocolate Covered Cherry Day,2025-01-03,2025,03-01-2025,January,1,3,Friday,Weekday,1,,2025-01-03
National Spaghetti Day,2025-01-04,2025,04-01-2025,January,1,4,Saturday,Weekend,1,,2025-01-04
National Whipped Cream Day,2025-01-05,2025,05-01-2025,January,1,5,Sunday,Weekend,1,,2025-01-05
Apple Tree Day,2025-01-06,2025,06-01-2025,January,1,6,Monday,Weekday,2,,2025-01-06
National Bean Day,2025-01-06,2025,06-01-2025,January,1,6,Monday,Weekday,2,,2025-01-06
National Shortbread Day,2025-01-06,2025,06-01-2025,January,1,6,Monday,Weekday,2,,2025-01-06
National Tempura Day,2025-01-07,2025,07-01-2025,January,1,7,Tuesday,Weekday,2,,2025-01-07
National English Toffee Day,2025-01-08,2025,08-01-2025,January,1,8,Wednesday,Weekday,2,,2025-01-08
National Apricot Day,2025-01-09,2025,09-01-2025,January,1,9,Thursday,Weekday,2,,2025-01-09
Bittersweet Chocolate Day,2025-01-10,2025,10-01-2025,January,1,10,Friday,Weekday,2,,2025-01-10
National Milk Day (the day milk deliveries in bottles began in the US),2025-01-11,2025,11-01-2025,January,1,11,Saturday,Weekend,2,,2025-01-11
Curried Chicken Day,2025-01-12,2025,12-01-2025,January,1,12,Sunday,Weekend,2,,2025-01-12
National Marzipan Day,2025-01-12,2025,12-01-2025,January,1,12,Sunday,Weekend,2,,2025-01-12
National Peach Melba Day,2025-01-13,2025,13-01-2025,January,1,13,Monday,Weekday,3,,2025-01-13
National Hot Pastrami Sandwich Day,2025-01-14,2025,14-01-2025,January,1,14,Tuesday,Weekday,3,,2025-01-14
Strawberry Ice Cream Day,2025-01-15,2025,15-01-2025,January,1,15,Wednesday,Weekday,3,,2025-01-15
International Hot & Spicy Food Day,2025-01-16,2025,16-01-2025,January,1,16,Thursday,Weekday,3,,2025-01-16
National Fig Newton Day,2025-01-16,2025,16-01-2025,January,1,16,Thursday,Weekday,3,,2025-01-16
National Bootlegger's Day,2025-01-17,2025,17-01-2025,January,1,17,Friday,Weekday,3,,2025-01-17
National Hot Buttered Rum Day,2025-01-17,2025,17-01-2025,January,1,17,Friday,Weekday,3,,2025-01-17
Peking Duck Day,2025-01-18,2025,18-01-2025,January,1,18,Saturday,Weekend,3,,2025-01-18
National Popcorn Day,2025-01-19,2025,19-01-2025,January,1,19,Sunday,Weekend,3,,2025-01-19
National Buttercrunch Day,2025-01-20,2025,20-01-2025,January,1,20,Monday,Weekday,4,,2025-01-20
National Cheese Lover's Day,2025-01-20,2025,20-01-2025,January,1,20,Monday,Weekday,4,,2025-01-20
National Granola Bar Day,2025-01-21,2025,21-01-2025,January,1,21,Tuesday,Weekday,4,,2025-01-21
New England Clam Chowder Day,2025-01-21,2025,21-01-2025,January,1,21,Tuesday,Weekday,4,,2025-01-21
Rid the World of Fad Diets & Gimmicks Day,2025-01-21,2025,21-01-2025,January,1,21,Tuesday,Weekday,4,,2025-01-21
National Blonde Brownie Day,2025-01-22,2025,22-01-2025,January,1,22,Wednesday,Weekday,4,,2025-01-22
Rhubarb Pie Day,2025-01-23,2025,23-01-2025,January,1,23,Thursday,Weekday,4,,2025-01-23
National Peanut Butter Day,2025-01-24,2025,24-01-2025,January,1,24,Friday,Weekday,4,,2025-01-24
National Irish Coffee Day,2025-01-25,2025,25-01-2025,January,1,25,Saturday,Weekend,4,,2025-01-25
National Peanut Brittle Day,2025-01-26,2025,26-01-2025,January,1,26,Sunday,Weekend,4,,2025-01-26
National Pistachio Day,2025-01-26,2025,26-01-2025,January,1,26,Sunday,Weekend,4,,2025-01-26
Women's Healthy Weight Day,2025-01-26,2025,26-01-2025,January,1,26,Sunday,Weekend,4,The Thursday of the Third Full Week of January,2025-01-26
Chocolate Cake Day,2025-01-27,2025,27-01-2025,January,1,27,Monday,Weekday,5,,2025-01-27
National Blueberry Pancake Day,2025-01-28,2025,28-01-2025,January,1,28,Tuesday,Weekday,5,,2025-01-28
National Corn Chip Day,2025-01-29,2025,29-01-2025,January,1,29,Wednesday,Weekday,5,,2025-01-29
National Croissant Day,2025-01-30,2025,30-01-2025,January,1,30,Thursday,Weekday,5,,2025-01-30
National Hot Chocolate Day,2025-01-31,2025,31-01-2025,January,1,31,Friday,Weekday,5,,2025-01-31
Ice Cream for Breakfast Day,2025-02-01,2025,01-02-2025,February,2,1,Saturday,Weekend,5,First Saturday in February,2025-02-01
National Baked Alaska Day,2025-02-01,2025,01-02-2025,February,2,1,Saturday,Weekend,5,,2025-02-01
Heavenly Hash Day,2025-02-02,2025,02-02-2025,February,2,2,Sunday,Weekend,5,,2025-02-02
National Carrot Cake Day,2025-02-03,2025,03-02-2025,February,2,3,Monday,Weekday,6,,2025-02-03
Homemade Soup Day,2025-02-04,2025,04-02-2025,February,2,4,Tuesday,Weekday,6,,2025-02-04
National Stuffed Mushroom Day,2025-02-04,2025,04-02-2025,February,2,4,Tuesday,Weekday,6,,2025-02-04
National Chocolate Fondue Day,2025-02-05,2025,05-02-2025,February,2,5,Wednesday,Weekday,6,,2025-02-05
World Nutella Day,2025-02-05,2025,05-02-2025,February,2,5,Wednesday,Weekday,6,,2025-02-05
National Chopsticks Day,2025-02-06,2025,06-02-2025,February,2,6,Thursday,Weekday,6,,2025-02-06
Bubble Gum Day,2025-02-07,2025,07-02-2025,February,2,7,Friday,Weekday,6,First Friday in February,2025-02-07
National Fettuccine Alfredo Day,2025-02-07,2025,07-02-2025,February,2,7,Friday,Weekday,6,,2025-02-07
Molasses Bar Day,2025-02-08,2025,08-02-2025,February,2,8,Saturday,Weekend,6,,2025-02-08
National Bagels and Lox Day,2025-02-09,2025,09-02-2025,February,2,9,Sunday,Weekend,6,,2025-02-09
Pizza Pie Day,2025-02-09,2025,09-02-2025,February,2,9,Sunday,Weekend,6,,2025-02-09
Pork Rind Appreciation Day,2025-02-09,2025,09-02-2025,February,2,9,Sunday,Weekend,6,Super Bowl Sunday,2025-02-09
Cream Cheese Brownie Day,2025-02-10,2025,10-02-2025,February,2,10,Monday,Weekday,7,,2025-02-10
Oatmeal Monday,2025-02-10,2025,10-02-2025,February,2,10,Monday,Weekday,7,Second Monday in February,2025-02-10
Peppermint Patty Day,2025-02-11,2025,11-02-2025,February,2,11,Tuesday,Weekday,7,,2025-02-11
National Plum Pudding Day,2025-02-12,2025,12-02-2025,February,2,12,Wednesday,Weekday,7,,2025-02-12
National Tortellini Day,2025-02-13,2025,13-02-2025,February,2,13,Thursday,Weekday,7,,2025-02-13
National Cream Filled Chocolates Day,2025-02-14,2025,14-02-2025,February,2,14,Friday,Weekday,7,,2025-02-14
National Gumdrop Day,2025-02-15,2025,15-02-2025,February,2,15,Saturday,Weekend,7,,2025-02-15
National Almond Day,2025-02-16,2025,16-02-2025,February,2,16,Sunday,Weekend,7,,2025-02-16
National Indian Pudding Day,2025-02-17,2025,17-02-2025,February,2,17,Monday,Weekday,8,,2025-02-17
National Drink Wine Day,2025-02-18,2025,18-02-2025,February,2,18,Tuesday,Weekday,8,,2025-02-18
National Chocolate Mint Day,2025-02-19,2025,19-02-2025,February,2,19,Wednesday,Weekday,8,,2025-02-19
National Cherry Pie Day,2025-02-20,2025,20-02-2025,February,2,20,Thursday,Weekday,8,,2025-02-20
National Sticky Bun Day,2025-02-21,2025,21-02-2025,February,2,21,Friday,Weekday,8,,2025-02-21
National Margarita Day,2025-02-22,2025,22-02-2025,February,2,22,Saturday,Weekend,8,,2025-02-22
National Cook a Sweet Potato Day,2025-02-22,2025,22-02-2025,February,2,22,Saturday,Weekend,8,,2025-02-22
National Banana Bread Day,2025-02-23,2025,23-02-2025,February,2,23,Sunday,Weekend,8,,2025-02-23
National Cupcake Day (in Canada),2025-02-24,2025,24-02-2025,February,2,24,Monday,Weekday,9,,2025-02-24
National Tortilla Chip Day,2025-02-24,2025,24-02-2025,February,2,24,Monday,Weekday,9,,2025-02-24
National Chocolate Covered Nuts Day,2025-02-25,2025,25-02-2025,February,2,25,Tuesday,Weekday,9,,2025-02-25
National Clam Chowder Day,2025-02-25,2025,25-02-2025,February,2,25,Tuesday,Weekday,9,,2025-02-25
National Pancake Day (IHOP),2025-02-25,2025,25-02-2025,February,2,25,Tuesday,Weekday,9,,2025-02-25
National Personal Chefs Day,2025-02-26,2025,26-02-2025,February,2,26,Wednesday,Weekday,9,,2025-02-26
National Pistachio Day,2025-02-26,2025,26-02-2025,February,2,26,Wednesday,Weekday,9,,2025-02-26
National Chili Day,2025-02-27,2025,27-02-2025,February,2,27,Thursday,Weekday,9,Last Thursday in February,2025-02-27
National Strawberry Day,2025-02-27,2025,27-02-2025,February,2,27,Thursday,Weekday,9,,2025-02-27
National Chocolate Souffle Day,2025-02-28,2025,28-02-2025,February,2,28,Friday,Weekday,9,,2025-02-28
Surf and Turf Day,2025-02-28,2025,28-02-2025,February,2,28,Friday,Weekday,9,,2025-02-28
National Fruit Compote Day,2025-03-01,2025,01-03-2025,March,3,1,Saturday,Weekend,9,,2025-03-01
National Peanut Butter Lover's Day,2025-03-01,2025,01-03-2025,March,3,1,Saturday,Weekend,9,,2025-03-01
National Banana Cream Pie Day,2025-03-02,2025,02-03-2025,March,3,2,Sunday,Weekend,9,,2025-03-02
National Cold Cuts Day,2025-03-03,2025,03-03-2025,March,3,3,Monday,Weekday,10,,2025-03-03
National Pound Cake Day,2025-03-04,2025,04-03-2025,March,3,4,Tuesday,Weekday,10,,2025-03-04
National Cheese Doodle Day,2025-03-05,2025,05-03-2025,March,3,5,Wednesday,Weekday,10,,2025-03-05
National Frozen Food Day,2025-03-06,2025,06-03-2025,March,3,6,Thursday,Weekday,10,,2025-03-06
National Oreo Cookie Day,2025-03-06,2025,06-03-2025,March,3,6,Thursday,Weekday,10,,2025-03-06
National White Chocolate Cheesecake Day,2025-03-06,2025,06-03-2025,March,3,6,Thursday,Weekday,10,,2025-03-06
National Cereal Day,2025-03-07,2025,07-03-2025,March,3,7,Friday,Weekday,10,,2025-03-07
National Tartar Sauce Day,2025-03-07,2025,07-03-2025,March,3,7,Friday,Weekday,10,First Friday during Lent,2025-03-07
National Peanut Cluster Day,2025-03-08,2025,08-03-2025,March,3,8,Saturday,Weekend,10,,2025-03-08
National Crabmeat Day,2025-03-09,2025,09-03-2025,March,3,9,Sunday,Weekend,10,,2025-03-09
National Meatball Day,2025-03-09,2025,09-03-2025,March,3,9,Sunday,Weekend,10,,2025-03-09
National Blueberry Popover Day,2025-03-10,2025,10-03-2025,March,3,10,Monday,Weekday,11,,2025-03-10
National Pack Your Lunch Day,2025-03-10,2025,10-03-2025,March,3,10,Monday,Weekday,11,,2025-03-10
Oatmeal Nut Waffles Day,2025-03-11,2025,11-03-2025,March,3,11,Tuesday,Weekday,11,,2025-03-11
National Baked Scallops Day,2025-03-12,2025,12-03-2025,March,3,12,Wednesday,Weekday,11,,2025-03-12
Registered Dietitian Day,2025-03-12,2025,12-03-2025,March,3,12,Wednesday,Weekday,11,Second Wednesday in March,2025-03-12
Coconut Torte Day,2025-03-13,2025,13-03-2025,March,3,13,Thursday,Weekday,11,,2025-03-13
Popcorn Lover's Day,2025-03-13,2025,13-03-2025,March,3,13,Thursday,Weekday,11,Second Thursday in March,2025-03-13
Bake a Pie in Solidarity Day,2025-03-14,2025,14-03-2025,March,3,14,Friday,Weekday,11,,2025-03-14
National Potato Chip Day,2025-03-14,2025,14-03-2025,March,3,14,Friday,Weekday,11,,2025-03-14
Celebrating Our Bountiful Food Supply,2025-03-15,2025,15-03-2025,March,3,15,Saturday,Weekend,11,,2025-03-15
Maple Syrup Saturday,2025-03-15,2025,15-03-2025,March,3,15,Saturday,Weekend,11,Third Saturday of March,2025-03-15
National Peanut Lovers� Day,2025-03-15,2025,15-03-2025,March,3,15,Saturday,Weekend,11,,2025-03-15
National Pears Helene Day,2025-03-15,2025,15-03-2025,March,3,15,Saturday,Weekend,11,,2025-03-15
National Artichoke Hearts Day,2025-03-16,2025,16-03-2025,March,3,16,Sunday,Weekend,11,,2025-03-16
National Irish Food Day,2025-03-17,2025,17-03-2025,March,3,17,Monday,Weekday,12,,2025-03-17
Oatmeal Cookie Day,2025-03-18,2025,18-03-2025,March,3,18,Tuesday,Weekday,12,,2025-03-18
National Agriculture Day,2025-03-19,2025,19-03-2025,March,3,19,Wednesday,Weekday,12,,2025-03-19
National Chocolate Caramel Day,2025-03-19,2025,19-03-2025,March,3,19,Wednesday,Weekday,12,,2025-03-19
National Poultry Day,2025-03-19,2025,19-03-2025,March,3,19,Wednesday,Weekday,12,,2025-03-19
Great American MEAT OUT,2025-03-20,2025,20-03-2025,March,3,20,Thursday,Weekday,12,,2025-03-20
National Ravioli Day,2025-03-20,2025,20-03-2025,March,3,20,Thursday,Weekday,12,,2025-03-20
California Strawberry Day,2025-03-21,2025,21-03-2025,March,3,21,Friday,Weekday,12,,2025-03-21
National French Bread Day,2025-03-21,2025,21-03-2025,March,3,21,Friday,Weekday,12,,2025-03-21
National Bavarian Crepes Day,2025-03-22,2025,22-03-2025,March,3,22,Saturday,Weekend,12,,2025-03-22
National Chip and Dip Day,2025-03-23,2025,23-03-2025,March,3,23,Sunday,Weekend,12,,2025-03-23
National Melba Toast Day,2025-03-23,2025,23-03-2025,March,3,23,Sunday,Weekend,12,,2025-03-23
National Cheesesteak Day,2025-03-24,2025,24-03-2025,March,3,24,Monday,Weekday,13,,2025-03-24
National Chocolate Covered Raisin Day,2025-03-24,2025,24-03-2025,March,3,24,Monday,Weekday,13,,2025-03-24
International Waffle Day,2025-03-25,2025,25-03-2025,March,3,25,Tuesday,Weekday,13,,2025-03-25
National Lobster Newburg Day,2025-03-25,2025,25-03-2025,March,3,25,Tuesday,Weekday,13,,2025-03-25
National Pecan Day,2025-03-25,2025,25-03-2025,March,3,25,Tuesday,Weekday,13,,2025-03-25
National Nougat Day,2025-03-26,2025,26-03-2025,March,3,26,Wednesday,Weekday,13,,2025-03-26
Spinach Day,2025-03-26,2025,26-03-2025,March,3,26,Wednesday,Weekday,13,,2025-03-26
Whole Grain Sampling Day,2025-03-26,2025,26-03-2025,March,3,26,Wednesday,Weekday,13,Last Wednesday in March,2025-03-26
National Spanish Paella Day,2025-03-27,2025,27-03-2025,March,3,27,Thursday,Weekday,13,,2025-03-27
Something on a Stick Day,2025-03-28,2025,28-03-2025,March,3,28,Friday,Weekday,13,,2025-03-28
National Lemon Chiffon Cake Day,2025-03-29,2025,29-03-2025,March,3,29,Saturday,Weekend,13,,2025-03-29
Turkey Neck Soup Day,2025-03-30,2025,30-03-2025,March,3,30,Sunday,Weekend,13,,2025-03-30
National Clams on the Half Shell Day,2025-03-31,2025,31-03-2025,March,3,31,Monday,Weekday,14,,2025-03-31
Oranges and Lemons Day,2025-03-31,2025,31-03-2025,March,3,31,Monday,Weekday,14,,2025-03-31
Tater Day,2025-03-31,2025,31-03-2025,March,3,31,Monday,Weekday,14,,2025-03-31
National Sourdough Bread Day,2025-04-01,2025,01-04-2025,April,4,1,Tuesday,Weekday,14,,2025-04-01
National Love Your Produce Manager Day,2025-04-02,2025,02-04-2025,April,4,2,Wednesday,Weekday,14,,2025-04-02
National Peanut Butter and Jelly Day,2025-04-02,2025,02-04-2025,April,4,2,Wednesday,Weekday,14,,2025-04-02
National Burrito Day,2025-04-03,2025,03-04-2025,April,4,3,Thursday,Weekday,14,First Thursday in April,2025-04-03
National Chocolate Mousse Day,2025-04-03,2025,03-04-2025,April,4,3,Thursday,Weekday,14,,2025-04-03
National Cordon Bleu Day,2025-04-04,2025,04-04-2025,April,4,4,Friday,Weekday,14,,2025-04-04
National Caramel Day,2025-04-05,2025,05-04-2025,April,4,5,Saturday,Weekend,14,,2025-04-05
National Raisin and Spice Bar Day,2025-04-05,2025,05-04-2025,April,4,5,Saturday,Weekend,14,,2025-04-05
Hostess Twinkie Day,2025-04-06,2025,06-04-2025,April,4,6,Sunday,Weekend,14,,2025-04-06
National Caramel Popcorn Day,2025-04-06,2025,06-04-2025,April,4,6,Sunday,Weekend,14,,2025-04-06
Coffee Cake Day,2025-04-07,2025,07-04-2025,April,4,7,Monday,Weekday,15,,2025-04-07
National Empanada Day,2025-04-08,2025,08-04-2025,April,4,8,Tuesday,Weekday,15,,2025-04-08
Chinese Almond Cookie Day,2025-04-09,2025,09-04-2025,April,4,9,Wednesday,Weekday,15,,2025-04-09
National Gin and Tonic Day,2025-04-09,2025,09-04-2025,April,4,9,Wednesday,Weekday,15,,2025-04-09
National Cinnamon Crescent Day,2025-04-10,2025,10-04-2025,April,4,10,Thursday,Weekday,15,,2025-04-10
National Cheese Fondue Day,2025-04-11,2025,11-04-2025,April,4,11,Friday,Weekday,15,,2025-04-11
National Poutine Day,2025-04-11,2025,11-04-2025,April,4,11,Friday,Weekday,15,,2025-04-11
Grilled Cheese Sandwich Day,2025-04-12,2025,12-04-2025,April,4,12,Saturday,Weekend,15,,2025-04-12
National Licorice Day,2025-04-12,2025,12-04-2025,April,4,12,Saturday,Weekend,15,,2025-04-12
Make Lunch Count Day,2025-04-13,2025,13-04-2025,April,4,13,Sunday,Weekend,15,,2025-04-13
National Peach Cobbler Day,2025-04-13,2025,13-04-2025,April,4,13,Sunday,Weekend,15,,2025-04-13
National Pecan Day,2025-04-14,2025,14-04-2025,April,4,14,Monday,Weekday,16,,2025-04-14
McDonald's Day,2025-04-15,2025,15-04-2025,April,4,15,Tuesday,Weekday,16,,2025-04-15
National Glazed Spiral Ham Day,2025-04-15,2025,15-04-2025,April,4,15,Tuesday,Weekday,16,,2025-04-15
Day of the Mushroom,2025-04-16,2025,16-04-2025,April,4,16,Wednesday,Weekday,16,,2025-04-16
National Eggs Benedict Day,2025-04-16,2025,16-04-2025,April,4,16,Wednesday,Weekday,16,,2025-04-16
National Cheeseball Day,2025-04-17,2025,17-04-2025,April,4,17,Thursday,Weekday,16,,2025-04-17
Animal Crackers Birthday,2025-04-18,2025,18-04-2025,April,4,18,Friday,Weekday,16,,2025-04-18
Garlic Day,2025-04-19,2025,19-04-2025,April,4,19,Saturday,Weekend,16,,2025-04-19
Lima Bean Respect Day,2025-04-20,2025,20-04-2025,April,4,20,Sunday,Weekend,16,,2025-04-20
National Baked Ham with Pineapple Day,2025-04-20,2025,20-04-2025,April,4,20,Sunday,Weekend,16,Same Day as Easter,2025-04-20
National Pineapple Upside Down Cake Day,2025-04-20,2025,20-04-2025,April,4,20,Sunday,Weekend,16,,2025-04-20
National Chickpea Day,2025-04-21,2025,21-04-2025,April,4,21,Monday,Weekday,17,,2025-04-21
National Chocolate Covered Cashews Truffle Day,2025-04-21,2025,21-04-2025,April,4,21,Monday,Weekday,17,,2025-04-21
National Jelly Bean Day,2025-04-22,2025,22-04-2025,April,4,22,Tuesday,Weekday,17,,2025-04-22
National Cherry Cheesecake Day,2025-04-23,2025,23-04-2025,April,4,23,Wednesday,Weekday,17,,2025-04-23
National Picnic Day,2025-04-23,2025,23-04-2025,April,4,23,Wednesday,Weekday,17,,2025-04-23
National Pigs in a Blanket Day,2025-04-24,2025,24-04-2025,April,4,24,Thursday,Weekday,17,,2025-04-24
National Zucchini Bread Day,2025-04-25,2025,25-04-2025,April,4,25,Friday,Weekday,17,,2025-04-25
National Pretzel Day,2025-04-26,2025,26-04-2025,April,4,26,Saturday,Weekend,17,,2025-04-26
National Prime Rib Day,2025-04-27,2025,27-04-2025,April,4,27,Sunday,Weekend,17,,2025-04-27
National Blueberry Pie Day,2025-04-28,2025,28-04-2025,April,4,28,Monday,Weekday,18,,2025-04-28
National Shrimp Scampi Day,2025-04-29,2025,29-04-2025,April,4,29,Tuesday,Weekday,18,,2025-04-29
National Raisin Day,2025-04-30,2025,30-04-2025,April,4,30,Wednesday,Weekday,18,,2025-04-30
National Bubble Tea Day,2025-04-30,2025,30-04-2025,April,4,30,Wednesday,Weekday,18,,2025-04-30
Stop Food Waste Day,2025-04-30,2025,30-04-2025,April,4,30,Wednesday,Weekday,18,Last Wednesday in April,2025-04-30
National Chocolate Parfait Day,2025-05-01,2025,01-05-2025,May,5,1,Thursday,Weekday,18,,2025-05-01
National Truffles Day,2025-05-02,2025,02-05-2025,May,5,2,Friday,Weekday,18,,2025-05-02
School Lunch Hero Day,2025-05-02,2025,02-05-2025,May,5,2,Friday,Weekday,18,First Friday in May,2025-05-02
National Herb Day,2025-05-03,2025,03-05-2025,May,5,3,Saturday,Weekend,18,First Saturday of May,2025-05-03
National Raspberry Popover Day,2025-05-03,2025,03-05-2025,May,5,3,Saturday,Weekend,18,,2025-05-03
National Candied Orange Peel Day,2025-05-04,2025,04-05-2025,May,5,4,Sunday,Weekend,18,,2025-05-04
National Chocolate Custard Day,2025-05-05,2025,05-05-2025,May,5,5,Monday,Weekday,19,,2025-05-05
National Hoagie Day,2025-05-05,2025,05-05-2025,May,5,5,Monday,Weekday,19,,2025-05-05
Totally Chipotle Day,2025-05-05,2025,05-05-2025,May,5,5,Monday,Weekday,19,,2025-05-05
International No Diet Day,2025-05-06,2025,06-05-2025,May,5,6,Tuesday,Weekday,19,,2025-05-06
National Crepes Suzette Day,2025-05-06,2025,06-05-2025,May,5,6,Tuesday,Weekday,19,,2025-05-06
National Roast Leg of Lamb Day,2025-05-07,2025,07-05-2025,May,5,7,Wednesday,Weekday,19,,2025-05-07
National Coconut Cream Pie Day,2025-05-08,2025,08-05-2025,May,5,8,Thursday,Weekday,19,,2025-05-08
National Empanada Day,2025-05-08,2025,08-05-2025,May,5,8,Thursday,Weekday,19,,2025-05-08
National Foodies Day,2025-05-09,2025,09-05-2025,May,5,9,Friday,Weekday,19,,2025-05-09
National Shrimp Day,2025-05-10,2025,10-05-2025,May,5,10,Saturday,Weekend,19,,2025-05-10
Eat What You Want Day,2025-05-11,2025,11-05-2025,May,5,11,Sunday,Weekend,19,,2025-05-11
National Nutty Fudge Day,2025-05-12,2025,12-05-2025,May,5,12,Monday,Weekday,20,,2025-05-12
International Hummus Day,2025-05-13,2025,13-05-2025,May,5,13,Tuesday,Weekday,20,,2025-05-13
National Apple Pie Day,2025-05-13,2025,13-05-2025,May,5,13,Tuesday,Weekday,20,,2025-05-13
National Fruit Cocktail Day,2025-05-13,2025,13-05-2025,May,5,13,Tuesday,Weekday,20,,2025-05-13
National Buttermilk Biscuit Day,2025-05-14,2025,14-05-2025,May,5,14,Wednesday,Weekday,20,,2025-05-14
National Chocolate Chip Day,2025-05-15,2025,15-05-2025,May,5,15,Thursday,Weekday,20,,2025-05-15
International Pickle Day,2025-05-16,2025,16-05-2025,May,5,16,Friday,Weekday,20,,2025-05-16
National Coquilles St. Jacques Day,2025-05-16,2025,16-05-2025,May,5,16,Friday,Weekday,20,,2025-05-16
National Pizza Party Day,2025-05-16,2025,16-05-2025,May,5,16,Friday,Weekday,20,Third Friday in May,2025-05-16
National Cherry Cobbler Day,2025-05-17,2025,17-05-2025,May,5,17,Saturday,Weekend,20,,2025-05-17
National Walnut Day,2025-05-17,2025,17-05-2025,May,5,17,Saturday,Weekend,20,,2025-05-17
I Love Reese's Day,2025-05-18,2025,18-05-2025,May,5,18,Sunday,Weekend,20,,2025-05-18
National Cheese Souffle Day,2025-05-18,2025,18-05-2025,May,5,18,Sunday,Weekend,20,,2025-05-18
National Devil's Food Cake Day,2025-05-19,2025,19-05-2025,May,5,19,Monday,Weekday,21,,2025-05-19
Pick Strawberries Day,2025-05-20,2025,20-05-2025,May,5,20,Tuesday,Weekday,21,,2025-05-20
National Strawberries and Cream Day,2025-05-21,2025,21-05-2025,May,5,21,Wednesday,Weekday,21,,2025-05-21
National Waiters and Waitresses Day,2025-05-21,2025,21-05-2025,May,5,21,Wednesday,Weekday,21,,2025-05-21
Eat More Fruits & Vegetables Day,2025-05-22,2025,22-05-2025,May,5,22,Thursday,Weekday,21,Thursday before Memorial Day Week,2025-05-22
National Vanilla Pudding Day,2025-05-22,2025,22-05-2025,May,5,22,Thursday,Weekday,21,,2025-05-22
National Taffy Day,2025-05-23,2025,23-05-2025,May,5,23,Friday,Weekday,21,,2025-05-23
Asparagus Day,2025-05-24,2025,24-05-2025,May,5,24,Saturday,Weekend,21,,2025-05-24
National Escargot Day,2025-05-24,2025,24-05-2025,May,5,24,Saturday,Weekend,21,,2025-05-24
Carb Day,2025-05-25,2025,25-05-2025,May,5,25,Sunday,Weekend,21,,2025-05-25
National Brown-Bag-It Day,2025-05-25,2025,25-05-2025,May,5,25,Sunday,Weekend,21,,2025-05-25
National Blueberry Cheesecake Day,2025-05-26,2025,26-05-2025,May,5,26,Monday,Weekday,22,,2025-05-26
National Cherry Dessert Day,2025-05-26,2025,26-05-2025,May,5,26,Monday,Weekday,22,,2025-05-26
National Italian Beef Day,2025-05-27,2025,27-05-2025,May,5,27,Tuesday,Weekday,22,,2025-05-27
National Grape Popsicle Day,2025-05-27,2025,27-05-2025,May,5,27,Tuesday,Weekday,22,,2025-05-27
National Brisket Day,2025-05-28,2025,28-05-2025,May,5,28,Wednesday,Weekday,22,,2025-05-28
National Hamburger Day,2025-05-28,2025,28-05-2025,May,5,28,Wednesday,Weekday,22,,2025-05-28
National Coq Au Vin Day,2025-05-29,2025,29-05-2025,May,5,29,Thursday,Weekday,22,,2025-05-29
National Mint Julep Day,2025-05-30,2025,30-05-2025,May,5,30,Friday,Weekday,22,,2025-05-30
National Macaroon Day,2025-05-31,2025,31-05-2025,May,5,31,Saturday,Weekend,22,,2025-05-31
World Milk Day,2025-06-01,2025,01-06-2025,June,6,1,Sunday,Weekend,22,,2025-06-01
National Hazelnut Cake Day,2025-06-01,2025,01-06-2025,June,6,1,Sunday,Weekend,22,,2025-06-01
National Rocky Road Ice Cream Day,2025-06-02,2025,02-06-2025,June,6,2,Monday,Weekday,23,,2025-06-02
National Rotisserie Chicken Day,2025-06-02,2025,02-06-2025,June,6,2,Monday,Weekday,23,,2025-06-02
National Egg Day,2025-06-03,2025,03-06-2025,June,6,3,Tuesday,Weekday,23,,2025-06-03
National Chocolate Macaroon Day,2025-06-03,2025,03-06-2025,June,6,3,Tuesday,Weekday,23,,2025-06-03
National Cheese Day,2025-06-04,2025,04-06-2025,June,6,4,Wednesday,Weekday,23,,2025-06-04
National Frozen Yogurt Day,2025-06-04,2025,04-06-2025,June,6,4,Wednesday,Weekday,23,,2025-06-04
National Gingerbread Day,2025-06-05,2025,05-06-2025,June,6,5,Thursday,Weekday,23,,2025-06-05
National Ketchup Day,2025-06-05,2025,05-06-2025,June,6,5,Thursday,Weekday,23,,2025-06-05
National Sausage Roll Day,2025-06-05,2025,05-06-2025,June,6,5,Thursday,Weekday,23,,2025-06-05
National Veggie Burger Day,2025-06-05,2025,05-06-2025,June,6,5,Thursday,Weekday,23,,2025-06-05
National Applesauce Cake Day,2025-06-06,2025,06-06-2025,June,6,6,Friday,Weekday,23,,2025-06-06
National Donut Day,2025-06-06,2025,06-06-2025,June,6,6,Friday,Weekday,23,First Friday in June,2025-06-06
National Chocolate Ice Cream Day,2025-06-07,2025,07-06-2025,June,6,7,Saturday,Weekend,23,,2025-06-07
Jelly Filled Doughnut Day,2025-06-08,2025,08-06-2025,June,6,8,Sunday,Weekend,23,,2025-06-08
National Strawberry Rhubarb Pie Day,2025-06-09,2025,09-06-2025,June,6,9,Monday,Weekday,24,,2025-06-09
National Iced Tea Day,2025-06-10,2025,10-06-2025,June,6,10,Tuesday,Weekday,24,,2025-06-10
National Herbs & Spices Day,2025-06-10,2025,10-06-2025,June,6,10,Tuesday,Weekday,24,,2025-06-10
Corn on the Cob Day,2025-06-11,2025,11-06-2025,June,6,11,Wednesday,Weekday,24,,2025-06-11
National German Chocolate Cake Day,2025-06-11,2025,11-06-2025,June,6,11,Wednesday,Weekday,24,,2025-06-11
National Jerky Day,2025-06-12,2025,12-06-2025,June,6,12,Thursday,Weekday,24,,2025-06-12
National Peanut Butter Cookie Day,2025-06-12,2025,12-06-2025,June,6,12,Thursday,Weekday,24,,2025-06-12
International Falafel Day,2025-06-12,2025,12-06-2025,June,6,12,Thursday,Weekday,24,,2025-06-12
National Cupcake Lovers Day,2025-06-13,2025,13-06-2025,June,6,13,Friday,Weekday,24,,2025-06-13
National Strawberry Shortcake Day,2025-06-14,2025,14-06-2025,June,6,14,Saturday,Weekend,24,,2025-06-14
National Lobster Day,2025-06-15,2025,15-06-2025,June,6,15,Sunday,Weekend,24,,2025-06-15
Fresh Veggies Day,2025-06-16,2025,16-06-2025,June,6,16,Monday,Weekday,25,,2025-06-16
Eat All Your Veggies Day,2025-06-17,2025,17-06-2025,June,6,17,Tuesday,Weekday,25,,2025-06-17
National Apple Strudel Day,2025-06-17,2025,17-06-2025,June,6,17,Tuesday,Weekday,25,,2025-06-17
International Picnic Day,2025-06-18,2025,18-06-2025,June,6,18,Wednesday,Weekday,25,,2025-06-18
International Sushi Day,2025-06-18,2025,18-06-2025,June,6,18,Wednesday,Weekday,25,,2025-06-18
National Cherry Tart Day,2025-06-18,2025,18-06-2025,June,6,18,Wednesday,Weekday,25,,2025-06-18
National Martini Day,2025-06-19,2025,19-06-2025,June,6,19,Thursday,Weekday,25,,2025-06-19
National Ice Cream Soda Day,2025-06-20,2025,20-06-2025,June,6,20,Friday,Weekday,25,,2025-06-20
National Vanilla Milkshake Day,2025-06-20,2025,20-06-2025,June,6,20,Friday,Weekday,25,,2025-06-20
National Peaches and Cream Day,2025-06-21,2025,21-06-2025,June,6,21,Saturday,Weekend,25,,2025-06-21
National Chocolate Eclair Day,2025-06-22,2025,22-06-2025,June,6,22,Sunday,Weekend,25,,2025-06-22
National Onion Rings Day,2025-06-22,2025,22-06-2025,June,6,22,Sunday,Weekend,25,,2025-06-22
National Pecan Sandy Day,2025-06-23,2025,23-06-2025,June,6,23,Monday,Weekday,26,,2025-06-23
National Pralines Day,2025-06-24,2025,24-06-2025,June,6,24,Tuesday,Weekday,26,,2025-06-24
National Catfish Day,2025-06-25,2025,25-06-2025,June,6,25,Wednesday,Weekday,26,,2025-06-25
National Parchment Cooking Day,2025-06-25,2025,25-06-2025,June,6,25,Wednesday,Weekday,26,Last Wednesday in June,2025-06-25
National Strawberry Parfait Day,2025-06-25,2025,25-06-2025,June,6,25,Wednesday,Weekday,26,,2025-06-25
National Chocolate Pudding Day,2025-06-26,2025,26-06-2025,June,6,26,Thursday,Weekday,26,,2025-06-26
National Indian Pudding Day,2025-06-27,2025,27-06-2025,June,6,27,Friday,Weekday,26,,2025-06-27
National Ceviche Day,2025-06-28,2025,28-06-2025,June,6,28,Saturday,Weekend,26,,2025-06-28
National Tapioca Day,2025-06-28,2025,28-06-2025,June,6,28,Saturday,Weekend,26,,2025-06-28
National Almond Buttercrunch Day,2025-06-29,2025,29-06-2025,June,6,29,Sunday,Weekend,26,,2025-06-29
Creative Ice Cream Flavor Day,2025-07-01,2025,01-07-2025,July,7,1,Tuesday,Weekday,27,,2025-07-01
International Fruit Day,2025-07-01,2025,01-07-2025,July,7,1,Tuesday,Weekday,27,,2025-07-01
National Gingersnap Day,2025-07-01,2025,01-07-2025,July,7,1,Tuesday,Weekday,27,,2025-07-01
National Anisette Day,2025-07-02,2025,02-07-2025,July,7,2,Wednesday,Weekday,27,,2025-07-02
Eat Beans Day,2025-07-03,2025,03-07-2025,July,7,3,Thursday,Weekday,27,,2025-07-03
National Chocolate Wafer Day,2025-07-03,2025,03-07-2025,July,7,3,Thursday,Weekday,27,,2025-07-03
Independence from Meat Day,2025-07-04,2025,04-07-2025,July,7,4,Friday,Weekday,27,,2025-07-04
National Barbecued Spareribs Day,2025-07-04,2025,04-07-2025,July,7,4,Friday,Weekday,27,,2025-07-04
International Cherry Pit Spitting Day,2025-07-05,2025,05-07-2025,July,7,5,Saturday,Weekend,27,First Saturday in July,2025-07-05
National Apple Turnover Day,2025-07-05,2025,05-07-2025,July,7,5,Saturday,Weekend,27,,2025-07-05
National Graham Cracker Day,2025-07-05,2025,05-07-2025,July,7,5,Saturday,Weekend,27,,2025-07-05
National Fried Chicken Day,2025-07-06,2025,06-07-2025,July,7,6,Sunday,Weekend,27,,2025-07-06
Chocolate Day,2025-07-07,2025,07-07-2025,July,7,7,Monday,Weekday,28,,2025-07-07
National Macaroni Day,2025-07-07,2025,07-07-2025,July,7,7,Monday,Weekday,28,,2025-07-07
National Strawberry Sundae Day,2025-07-07,2025,07-07-2025,July,7,7,Monday,Weekday,28,,2025-07-07
National Blueberry Day,2025-07-08,2025,08-07-2025,July,7,8,Tuesday,Weekday,28,,2025-07-08
National Chocolate with Almonds Day,2025-07-08,2025,08-07-2025,July,7,8,Tuesday,Weekday,28,,2025-07-08
National Sugar Cookie Day,2025-07-09,2025,09-07-2025,July,7,9,Wednesday,Weekday,28,,2025-07-09
Pick Blueberries Day,2025-07-10,2025,10-07-2025,July,7,10,Thursday,Weekday,28,,2025-07-10
Make Up Your Own Sundae Day,2025-07-11,2025,11-07-2025,July,7,11,Friday,Weekday,28,,2025-07-11
National Blueberry Muffin Day,2025-07-11,2025,11-07-2025,July,7,11,Friday,Weekday,28,,2025-07-11
National French Fries Day,2025-07-11,2025,11-07-2025,July,7,11,Friday,Weekday,28,,2025-07-11
National Rainier Cherries Day,2025-07-11,2025,11-07-2025,July,7,11,Friday,Weekday,28,,2025-07-11
National Pecan Pie Day,2025-07-12,2025,12-07-2025,July,7,12,Saturday,Weekend,28,,2025-07-12
National Macaroni and Cheese Day,2025-07-14,2025,14-07-2025,July,7,14,Monday,Weekday,29,,2025-07-14
National Gummi Worm Day,2025-07-15,2025,15-07-2025,July,7,15,Tuesday,Weekday,29,,2025-07-15
National Tapioca Pudding Day,2025-07-15,2025,15-07-2025,July,7,15,Tuesday,Weekday,29,,2025-07-15
National Corn Fritter Day�,2025-07-16,2025,16-07-2025,July,7,16,Wednesday,Weekday,29,,2025-07-16
National Hot Dog Day,2025-07-16,2025,16-07-2025,July,7,16,Wednesday,Weekday,29,Third Wednesday in July,2025-07-16
National Peach Ice Cream Day,2025-07-17,2025,17-07-2025,July,7,17,Thursday,Weekday,29,,2025-07-17
National Caviar Day,2025-07-18,2025,18-07-2025,July,7,18,Friday,Weekday,29,,2025-07-18
National Sour Candy Day,2025-07-18,2025,18-07-2025,July,7,18,Friday,Weekday,29,,2025-07-18
Fortune Cookie Day,2025-07-20,2025,20-07-2025,July,7,20,Sunday,Weekend,29,,2025-07-20
International Cake Day,2025-07-20,2025,20-07-2025,July,7,20,Sunday,Weekend,29,,2025-07-20
National Ice Cream Day,2025-07-20,2025,20-07-2025,July,7,20,Sunday,Weekend,29,Third Sunday in July,2025-07-20
National Lollipop Day,2025-07-20,2025,20-07-2025,July,7,20,Sunday,Weekend,29,,2025-07-20
National Junk Food Day,2025-07-21,2025,21-07-2025,July,7,21,Monday,Weekday,30,,2025-07-21
National Penuche Fudge Day,2025-07-22,2025,22-07-2025,July,7,22,Tuesday,Weekday,30,,2025-07-22
National Vanilla Ice Cream Day,2025-07-23,2025,23-07-2025,July,7,23,Wednesday,Weekday,30,,2025-07-23
National Tequila Day,2025-07-24,2025,24-07-2025,July,7,24,Thursday,Weekday,30,,2025-07-24
National Hot Fudge Sundae Day,2025-07-25,2025,25-07-2025,July,7,25,Friday,Weekday,30,,2025-07-25
Bagelfest Day,2025-07-26,2025,26-07-2025,July,7,26,Saturday,Weekend,30,,2025-07-26
National Creme Brulee Day,2025-07-27,2025,27-07-2025,July,7,27,Sunday,Weekend,30,,2025-07-27
National Scotch Day,2025-07-27,2025,27-07-2025,July,7,27,Sunday,Weekend,30,,2025-07-27
National Hamburger Day,2025-07-28,2025,28-07-2025,July,7,28,Monday,Weekday,31,,2025-07-28
Cheese Sacrifice Purchase Day,2025-07-29,2025,29-07-2025,July,7,29,Tuesday,Weekday,31,,2025-07-29
National Chicken Wing Day,2025-07-29,2025,29-07-2025,July,7,29,Tuesday,Weekday,31,,2025-07-29
National Lasagna Day,2025-07-29,2025,29-07-2025,July,7,29,Tuesday,Weekday,31,,2025-07-29
National Cheesecake Day,2025-07-30,2025,30-07-2025,July,7,30,Wednesday,Weekday,31,,2025-07-30
National Chicken and Waffles Day,2025-07-30,2025,30-07-2025,July,7,30,Wednesday,Weekday,31,,2025-07-30
Cotton Candy Day,2025-07-31,2025,31-07-2025,July,7,31,Thursday,Weekday,31,,2025-07-31
Jump for Jelly Beans Day,2025-07-31,2025,31-07-2025,July,7,31,Thursday,Weekday,31,,2025-07-31
National Chili Dog Day,2025-07-31,2025,31-07-2025,July,7,31,Thursday,Weekday,31,Last Thursday in July,2025-07-31
Braham Pie Day,2025-08-01,2025,01-08-2025,August,8,1,Friday,Weekday,31,First Friday in August,2025-08-01
National Raspberry Cream Pie Day,2025-08-01,2025,01-08-2025,August,8,1,Friday,Weekday,31,,2025-08-01
National Ice Cream Sandwich Day,2025-08-02,2025,02-08-2025,August,8,2,Saturday,Weekend,31,,2025-08-02
National Mustard Day,2025-08-02,2025,02-08-2025,August,8,2,Saturday,Weekend,31,First Saturday in August,2025-08-02
National IPA Day,2025-08-03,2025,03-08-2025,August,8,3,Sunday,Weekend,31,,2025-08-03
Grab Some Nuts Day,2025-08-03,2025,03-08-2025,August,8,3,Sunday,Weekend,31,,2025-08-03
National Watermelon Day,2025-08-03,2025,03-08-2025,August,8,3,Sunday,Weekend,31,,2025-08-03
National Chocolate Chip Cookie Day,2025-08-04,2025,04-08-2025,August,8,4,Monday,Weekday,32,,2025-08-04
National Oyster Day,2025-08-05,2025,05-08-2025,August,8,5,Tuesday,Weekday,32,,2025-08-05
National Root Beer Float Day,2025-08-06,2025,06-08-2025,August,8,6,Wednesday,Weekday,32,,2025-08-06
National Raspberries and Cream Day,2025-08-07,2025,07-08-2025,August,8,7,Thursday,Weekday,32,,2025-08-07
National SPAM Musubi Day,2025-08-08,2025,08-08-2025,August,8,8,Friday,Weekday,32,,2025-08-08
National Frozen Custard Day,2025-08-08,2025,08-08-2025,August,8,8,Friday,Weekday,32,,2025-08-08
National Zucchini Day,2025-08-08,2025,08-08-2025,August,8,8,Friday,Weekday,32,,2025-08-08
International Beer Day,2025-08-08,2025,08-08-2025,August,8,8,Friday,Weekday,32,,2025-08-08
Sneak Some Zucchini Onto Your Neighbor's Porch Night,2025-08-08,2025,08-08-2025,August,8,8,Friday,Weekday,32,,2025-08-08
Takoyaki Day,2025-08-08,2025,08-08-2025,August,8,8,Friday,Weekday,32,,2025-08-08
National Rice Pudding Day,2025-08-09,2025,09-08-2025,August,8,9,Saturday,Weekend,32,,2025-08-09
National S'mores Day,2025-08-10,2025,10-08-2025,August,8,10,Sunday,Weekend,32,,2025-08-10
National Raspberry Tart Day,2025-08-11,2025,11-08-2025,August,8,11,Monday,Weekday,33,,2025-08-11
National Panini Day,2025-08-11,2025,11-08-2025,August,8,11,Monday,Weekday,33,,2025-08-11
Julienne Fries Day,2025-08-12,2025,12-08-2025,August,8,12,Tuesday,Weekday,33,,2025-08-12
National Filet Mignon Day,2025-08-13,2025,13-08-2025,August,8,13,Wednesday,Weekday,33,,2025-08-13
National Creamsicle Day,2025-08-14,2025,14-08-2025,August,8,14,Thursday,Weekday,33,,2025-08-14
Lemon Meringue Pie Day,2025-08-15,2025,15-08-2025,August,8,15,Friday,Weekday,33,,2025-08-15
National Rum Day,2025-08-16,2025,16-08-2025,August,8,16,Saturday,Weekend,33,,2025-08-16
National Bratwurst Day,2025-08-16,2025,16-08-2025,August,8,16,Saturday,Weekend,33,,2025-08-16
National Vanilla Custard Day,2025-08-17,2025,17-08-2025,August,8,17,Sunday,Weekend,33,,2025-08-17
Cupcake Day (For the RSPCA),2025-08-18,2025,18-08-2025,August,8,18,Monday,Weekday,34,Third Monday in August,2025-08-18
National Soft Ice Cream Day,2025-08-18,2025,18-08-2025,August,8,18,Monday,Weekday,34,,2025-08-18
Potato Day,2025-08-19,2025,19-08-2025,August,8,19,Tuesday,Weekday,34,,2025-08-19
National Chocolate Pecan Pie Day,2025-08-20,2025,20-08-2025,August,8,20,Wednesday,Weekday,34,,2025-08-20
National Bacon Lovers� Day,2025-08-20,2025,20-08-2025,August,8,20,Wednesday,Weekday,34,,2025-08-20
National Pecan Torte Day,2025-08-21,2025,21-08-2025,August,8,21,Thursday,Weekday,34,,2025-08-21
National Sweet Tea Day,2025-08-21,2025,21-08-2025,August,8,21,Thursday,Weekday,34,,2025-08-21
National Spumoni Day,2025-08-22,2025,22-08-2025,August,8,22,Friday,Weekday,34,,2025-08-22
National Sponge Cake Day,2025-08-23,2025,23-08-2025,August,8,23,Saturday,Weekend,34,,2025-08-23
National Peach Pie Day,2025-08-24,2025,24-08-2025,August,8,24,Sunday,Weekend,34,,2025-08-24
National Waffle Day,2025-08-24,2025,24-08-2025,August,8,24,Sunday,Weekend,34,,2025-08-24
National Banana Split Day,2025-08-25,2025,25-08-2025,August,8,25,Monday,Weekday,35,,2025-08-25
National Cherry Popsicle Day,2025-08-26,2025,26-08-2025,August,8,26,Tuesday,Weekday,35,,2025-08-26
Banana Lovers� Day,2025-08-27,2025,27-08-2025,August,8,27,Wednesday,Weekday,35,,2025-08-27
National Cherry Turnover Day,2025-08-28,2025,28-08-2025,August,8,28,Thursday,Weekday,35,,2025-08-28
Chop Suey Day,2025-08-29,2025,29-08-2025,August,8,29,Friday,Weekday,35,,2025-08-29
"More Herbs, Less Salt Day",2025-08-29,2025,29-08-2025,August,8,29,Friday,Weekday,35,,2025-08-29
International Bacon Day,2025-08-30,2025,30-08-2025,August,8,30,Saturday,Weekend,35,Saturday before Labor Day,2025-08-30
National Toasted Marshmallow Day,2025-08-30,2025,30-08-2025,August,8,30,Saturday,Weekend,35,,2025-08-30
Eat Outside Day,2025-08-31,2025,31-08-2025,August,8,31,Sunday,Weekend,35,,2025-08-31
National Trail Mix Day,2025-08-31,2025,31-08-2025,August,8,31,Sunday,Weekend,35,,2025-08-31
National Cherry Popover Day,2025-09-01,2025,01-09-2025,September,9,1,Monday,Weekday,36,,2025-09-01
National Gyro Day,2025-09-01,2025,01-09-2025,September,9,1,Monday,Weekday,36,,2025-09-01
National Grits for Breakfast Day,2025-09-02,2025,02-09-2025,September,9,2,Tuesday,Weekday,36,,2025-09-02
National Blueberry Popsicle Day,2025-09-02,2025,02-09-2025,September,9,2,Tuesday,Weekday,36,,2025-09-02
National Welsh Rarebit Day,2025-09-03,2025,03-09-2025,September,9,3,Wednesday,Weekday,36,,2025-09-03
National Macadamia Nut Day,2025-09-04,2025,04-09-2025,September,9,4,Thursday,Weekday,36,,2025-09-04
National Cheese Pizza Day,2025-09-05,2025,05-09-2025,September,9,5,Friday,Weekday,36,,2025-09-05
National Food Bank Day,2025-09-05,2025,05-09-2025,September,9,5,Friday,Weekday,36,First Friday in September,2025-09-05
National Coffee Ice Cream Day,2025-09-06,2025,06-09-2025,September,9,6,Saturday,Weekend,36,,2025-09-06
National Acorn Squash Day,2025-09-07,2025,07-09-2025,September,9,7,Sunday,Weekend,36,,2025-09-07
Salami Day,2025-09-07,2025,07-09-2025,September,9,7,Sunday,Weekend,36,,2025-09-07
National Date Nut Bread Day,2025-09-08,2025,08-09-2025,September,9,8,Monday,Weekday,37,,2025-09-08
National �I Love Food� Day,2025-09-09,2025,09-09-2025,September,9,9,Tuesday,Weekday,37,,2025-09-09
National Ants on a Log,2025-09-10,2025,10-09-2025,September,9,10,Wednesday,Weekday,37,,2025-09-10
National Hot Cross Bun Day,2025-09-11,2025,11-09-2025,September,9,11,Thursday,Weekday,37,,2025-09-11
National Chocolate Milkshake Day,2025-09-12,2025,12-09-2025,September,9,12,Friday,Weekday,37,,2025-09-12
International Chocolate Day,2025-09-13,2025,13-09-2025,September,9,13,Saturday,Weekend,37,,2025-09-13
Kids Take Over the Kitchen Day,2025-09-13,2025,13-09-2025,September,9,13,Saturday,Weekend,37,,2025-09-13
National Peanut Day,2025-09-13,2025,13-09-2025,September,9,13,Saturday,Weekend,37,,2025-09-13
Snack a Pickle Time,2025-09-13,2025,13-09-2025,September,9,13,Saturday,Weekend,37,,2025-09-13
Eat a Hoagie Day,2025-09-14,2025,14-09-2025,September,9,14,Sunday,Weekend,37,,2025-09-14
National Cream Filled Donut Day,2025-09-14,2025,14-09-2025,September,9,14,Sunday,Weekend,37,,2025-09-14
National Cheese Toast Day,2025-09-15,2025,15-09-2025,September,9,15,Monday,Weekday,38,,2025-09-15
National Linguine Day,2025-09-15,2025,15-09-2025,September,9,15,Monday,Weekday,38,,2025-09-15
National Cinnamon Raisin Bread Day,2025-09-16,2025,16-09-2025,September,9,16,Tuesday,Weekday,38,,2025-09-16
National Guacamole Day,2025-09-16,2025,16-09-2025,September,9,16,Tuesday,Weekday,38,,2025-09-16
National Apple Dumpling Day,2025-09-17,2025,17-09-2025,September,9,17,Wednesday,Weekday,38,,2025-09-17
National Cheeseburger Day,2025-09-18,2025,18-09-2025,September,9,18,Thursday,Weekday,38,,2025-09-18
International Eat an Apple Day,2025-09-19,2025,19-09-2025,September,9,19,Friday,Weekday,38,Third Saturday in September,2025-09-19
National Butterscotch Pudding Day,2025-09-19,2025,19-09-2025,September,9,19,Friday,Weekday,38,,2025-09-19
National Pepperoni Day,2025-09-20,2025,20-09-2025,September,9,20,Saturday,Weekend,38,,2025-09-20
National Queso Day,2025-09-20,2025,20-09-2025,September,9,20,Saturday,Weekend,38,,2025-09-20
National String Cheese Day,2025-09-20,2025,20-09-2025,September,9,20,Saturday,Weekend,38,,2025-09-20
International Banana Festival,2025-09-21,2025,21-09-2025,September,9,21,Sunday,Weekend,38,,2025-09-21
National Pecan Cookie Day,2025-09-21,2025,21-09-2025,September,9,21,Sunday,Weekend,38,,2025-09-21
Family Day (A Day to Eat Dinner With Your Kids),2025-09-22,2025,22-09-2025,September,9,22,Monday,Weekday,39,Fourth Monday in September,2025-09-22
National Ice Cream Cone Day,2025-09-22,2025,22-09-2025,September,9,22,Monday,Weekday,39,,2025-09-22
National White Chocolate Day,2025-09-22,2025,22-09-2025,September,9,22,Monday,Weekday,39,,2025-09-22
National Snack Stick Day,2025-09-23,2025,23-09-2025,September,9,23,Tuesday,Weekday,39,,2025-09-23
National Cherries Jubilee Day,2025-09-24,2025,24-09-2025,September,9,24,Wednesday,Weekday,39,,2025-09-24
National Quesadilla Day,2025-09-25,2025,25-09-2025,September,9,25,Thursday,Weekday,39,,2025-09-25
National Food Service Workers Day,2025-09-25,2025,25-09-2025,September,9,25,Thursday,Weekday,39,,2025-09-25
Hug a Vegetarian Day,2025-09-26,2025,26-09-2025,September,9,26,Friday,Weekday,39,Last Friday in September,2025-09-26
National Dumpling Day,2025-09-26,2025,26-09-2025,September,9,26,Friday,Weekday,39,,2025-09-26
National Key Lime Pie Day,2025-09-26,2025,26-09-2025,September,9,26,Friday,Weekday,39,,2025-09-26
National Corned Beef Hash Day,2025-09-27,2025,27-09-2025,September,9,27,Saturday,Weekend,39,,2025-09-27
Strawberry Cream Pie Day,2025-09-28,2025,28-09-2025,September,9,28,Sunday,Weekend,39,,2025-09-28
National Coffee Day,2025-09-29,2025,29-09-2025,September,9,29,Monday,Weekday,40,,2025-09-29
National Mocha Day,2025-09-29,2025,29-09-2025,September,9,29,Monday,Weekday,40,,2025-09-29
National Mulled Cider Day,2025-09-30,2025,30-09-2025,September,9,30,Tuesday,Weekday,40,,2025-09-30
Homemade Cookies Day,2025-10-01,2025,01-10-2025,October,10,1,Wednesday,Weekday,40,,2025-10-01
National Pumpkin Seed Day,2025-10-01,2025,01-10-2025,October,10,1,Wednesday,Weekday,40,First Wednesday in October,2025-10-01
Pudding Season Begins,2025-10-01,2025,01-10-2025,October,10,1,Wednesday,Weekday,40,,2025-10-01
World Vegetarian Day,2025-10-01,2025,01-10-2025,October,10,1,Wednesday,Weekday,40,,2025-10-01
National Fried Scallops Day,2025-10-02,2025,02-10-2025,October,10,2,Thursday,Weekday,40,,2025-10-02
National Caramel Custard Day,2025-10-03,2025,03-10-2025,October,10,3,Friday,Weekday,40,,2025-10-03
Kanelbullens Dag (Cinnamon Bun Day),2025-10-04,2025,04-10-2025,October,10,4,Saturday,Weekend,40,,2025-10-04
National Taco Day,2025-10-04,2025,04-10-2025,October,10,4,Saturday,Weekend,40,,2025-10-04
National Apple Betty Day,2025-10-05,2025,05-10-2025,October,10,5,Sunday,Weekend,40,,2025-10-05
National Noodle Day,2025-10-06,2025,06-10-2025,October,10,6,Monday,Weekday,41,,2025-10-06
National Frappe Day,2025-10-07,2025,07-10-2025,October,10,7,Tuesday,Weekday,41,,2025-10-07
National Fluffernutter Day,2025-10-08,2025,08-10-2025,October,10,8,Wednesday,Weekday,41,,2025-10-08
National Pierogi Day,2025-10-08,2025,08-10-2025,October,10,8,Wednesday,Weekday,41,,2025-10-08
National Salmon Day,2025-10-08,2025,08-10-2025,October,10,8,Wednesday,Weekday,41,,2025-10-08
International Beer and Pizza Day,2025-10-09,2025,09-10-2025,October,10,9,Thursday,Weekday,41,,2025-10-09
Moldy Cheese Day,2025-10-09,2025,09-10-2025,October,10,9,Thursday,Weekday,41,,2025-10-09
Submarine Hoagie Hero Grinder Day,2025-10-09,2025,09-10-2025,October,10,9,Thursday,Weekday,41,,2025-10-09
National Angel Food Cake Day,2025-10-10,2025,10-10-2025,October,10,10,Friday,Weekday,41,,2025-10-10
World Egg Day,2025-10-10,2025,10-10-2025,October,10,10,Friday,Weekday,41,Second Friday of October,2025-10-10
National Sausage Pizza Day,2025-10-11,2025,11-10-2025,October,10,11,Saturday,Weekend,41,,2025-10-11
National Gumbo Day,2025-10-12,2025,12-10-2025,October,10,12,Sunday,Weekend,41,,2025-10-12
National Yorkshire Pudding Day,2025-10-13,2025,13-10-2025,October,10,13,Monday,Weekday,42,,2025-10-13
National Dessert Day,2025-10-14,2025,14-10-2025,October,10,14,Tuesday,Weekday,42,,2025-10-14
National Chocolate Covered Insects Day,2025-10-14,2025,14-10-2025,October,10,14,Tuesday,Weekday,42,,2025-10-14
National Chicken Cacciatore Day,2025-10-15,2025,15-10-2025,October,10,15,Wednesday,Weekday,42,,2025-10-15
National Roast Pheasant Day,2025-10-15,2025,15-10-2025,October,10,15,Wednesday,Weekday,42,,2025-10-15
World Food Day,2025-10-16,2025,16-10-2025,October,10,16,Thursday,Weekday,42,,2025-10-16
Four Prunes Day,2025-10-17,2025,17-10-2025,October,10,17,Friday,Weekday,42,,2025-10-17
National Pasta Day,2025-10-17,2025,17-10-2025,October,10,17,Friday,Weekday,42,,2025-10-17
Meatloaf Appreciation Day,2025-10-18,2025,18-10-2025,October,10,18,Saturday,Weekend,42,,2025-10-18
National Chocolate Cupcake Day,2025-10-18,2025,18-10-2025,October,10,18,Saturday,Weekend,42,,2025-10-18
National Seafood Bisque Day,2025-10-19,2025,19-10-2025,October,10,19,Sunday,Weekend,42,,2025-10-19
National Brandied Fruit Day,2025-10-20,2025,20-10-2025,October,10,20,Monday,Weekday,43,,2025-10-20
National Pumpkin Cheesecake Day,2025-10-21,2025,21-10-2025,October,10,21,Tuesday,Weekday,43,,2025-10-21
National Nut Day,2025-10-22,2025,22-10-2025,October,10,22,Wednesday,Weekday,43,,2025-10-22
National Boston Cream Pie Day,2025-10-23,2025,23-10-2025,October,10,23,Thursday,Weekday,43,,2025-10-23
National Canning Day,2025-10-23,2025,23-10-2025,October,10,23,Thursday,Weekday,43,,2025-10-23
Food Day,2025-10-24,2025,24-10-2025,October,10,24,Friday,Weekday,43,,2025-10-24
Good and Plenty Day,2025-10-24,2025,24-10-2025,October,10,24,Friday,Weekday,43,,2025-10-24
National Bologna Day,2025-10-24,2025,24-10-2025,October,10,24,Friday,Weekday,43,,2025-10-24
National Greasy Foods Day,2025-10-25,2025,25-10-2025,October,10,25,Saturday,Weekend,43,,2025-10-25
Mince Meat Pie Day,2025-10-26,2025,26-10-2025,October,10,26,Sunday,Weekend,43,,2025-10-26
National Chicken Fried Steak Day,2025-10-26,2025,26-10-2025,October,10,26,Sunday,Weekend,43,,2025-10-26
Pumpkin Day,2025-10-26,2025,26-10-2025,October,10,26,Sunday,Weekend,43,,2025-10-26
National Potato Day,2025-10-27,2025,27-10-2025,October,10,27,Monday,Weekday,44,,2025-10-27
National Chocolate Day,2025-10-28,2025,28-10-2025,October,10,28,Tuesday,Weekday,44,,2025-10-28
Wild Foods Day,2025-10-28,2025,28-10-2025,October,10,28,Tuesday,Weekday,44,,2025-10-28
National Oatmeal Day,2025-10-29,2025,29-10-2025,October,10,29,Wednesday,Weekday,44,,2025-10-29
Buy a Donut Day,2025-10-30,2025,30-10-2025,October,10,30,Thursday,Weekday,44,,2025-10-30
National Candy Corn Day,2025-10-30,2025,30-10-2025,October,10,30,Thursday,Weekday,44,,2025-10-30
National Caramel Apple Day,2025-10-31,2025,31-10-2025,October,10,31,Friday,Weekday,44,,2025-10-31
National Deep Fried Clams Day,2025-11-01,2025,01-11-2025,November,11,1,Saturday,Weekend,44,,2025-11-01
National Vinegar Day,2025-11-01,2025,01-11-2025,November,11,1,Saturday,Weekend,44,,2025-11-01
National Deviled Egg Day,2025-11-02,2025,02-11-2025,November,11,2,Sunday,Weekend,44,,2025-11-02
National Sandwich Day,2025-11-03,2025,03-11-2025,November,11,3,Monday,Weekday,45,,2025-11-03
National Candy Day,2025-11-04,2025,04-11-2025,November,11,4,Tuesday,Weekday,45,,2025-11-04
National Donut Day,2025-11-05,2025,05-11-2025,November,11,5,Wednesday,Weekday,45,,2025-11-05
National Men Make Dinner Day,2025-11-06,2025,06-11-2025,November,11,6,Thursday,Weekday,45,First Thursday of November,2025-11-06
National Nachos Day,2025-11-06,2025,06-11-2025,November,11,6,Thursday,Weekday,45,,2025-11-06
National Bittersweet Chocolate with Almonds Day,2025-11-07,2025,07-11-2025,November,11,7,Friday,Weekday,45,,2025-11-07
National Men Make Dinner Day,2025-11-04,2025,04-11-2025,November,11,4,Tuesday,Weekday,45,,2025-11-04
Cook Something Bold & Pungent Day,2025-11-08,2025,08-11-2025,November,11,8,Saturday,Weekend,45,,2025-11-08
National Greek Yogurt Day,2025-11-09,2025,09-11-2025,November,11,9,Sunday,Weekend,45,,2025-11-09
National Pork Belly Day,2025-11-10,2025,10-11-2025,November,11,10,Monday,Weekday,46,,2025-11-10
National Vanilla Cupcake Day,2025-11-10,2025,10-11-2025,November,11,10,Monday,Weekday,46,,2025-11-10
National Mussels Days,2025-11-10,2025,10-11-2025,November,11,10,Monday,Weekday,46,,2025-11-10
National Sundae Day,2025-11-11,2025,11-11-2025,November,11,11,Tuesday,Weekday,46,,2025-11-11
National Pizza with Everything Day (Except Anchovies),2025-11-12,2025,12-11-2025,November,11,12,Wednesday,Weekday,46,,2025-11-12
National Indian Pudding Day,2025-11-13,2025,13-11-2025,November,11,13,Thursday,Weekday,46,,2025-11-13
National Pickle Day,2025-11-14,2025,14-11-2025,November,11,14,Friday,Weekday,46,,2025-11-14
National Bundt Day,2025-11-15,2025,15-11-2025,November,11,15,Saturday,Weekend,46,,2025-11-15
National Clean Out Your Refrigerator Day,2025-11-15,2025,15-11-2025,November,11,15,Saturday,Weekend,46,,2025-11-15
National Raisin Bran Cereal Day,2025-11-15,2025,15-11-2025,November,11,15,Saturday,Weekend,46,,2025-11-15
National Fast Food Day,2025-11-16,2025,16-11-2025,November,11,16,Sunday,Weekend,46,,2025-11-16
Homemade Bread Day,2025-11-17,2025,17-11-2025,November,11,17,Monday,Weekday,47,,2025-11-17
National Baklava Day,2025-11-17,2025,17-11-2025,November,11,17,Monday,Weekday,47,,2025-11-17
National Vichyssoise Day,2025-11-18,2025,18-11-2025,November,11,18,Tuesday,Weekday,47,,2025-11-18
National Macchiato Day,2025-11-19,2025,19-11-2025,November,11,19,Wednesday,Weekday,47,,2025-11-19
Beaujolais Nouveau Day,2025-11-20,2025,20-11-2025,November,11,20,Thursday,Weekday,47,Third Thursday of November,2025-11-20
National Peanut Butter Fudge Day,2025-11-20,2025,20-11-2025,November,11,20,Thursday,Weekday,47,,2025-11-20
Gingerbread Day,2025-11-21,2025,21-11-2025,November,11,21,Friday,Weekday,47,,2025-11-21
National Stuffing Day,2025-11-21,2025,21-11-2025,November,11,21,Friday,Weekday,47,,2025-11-21
National Cashew Day,2025-11-22,2025,22-11-2025,November,11,22,Saturday,Weekend,47,,2025-11-22
Eat a Cranberry Day,2025-11-23,2025,23-11-2025,November,11,23,Sunday,Weekend,47,,2025-11-23
National Sardines Day,2025-11-24,2025,24-11-2025,November,11,24,Monday,Weekday,48,,2025-11-24
National Parfait Day,2025-11-25,2025,25-11-2025,November,11,25,Tuesday,Weekday,48,,2025-11-25
National Cake Day,2025-11-26,2025,26-11-2025,November,11,26,Wednesday,Weekday,48,,2025-11-26
National Bavarian Cream Pie Day,2025-11-27,2025,27-11-2025,November,11,27,Thursday,Weekday,48,,2025-11-27
National French Toast Day,2025-11-28,2025,28-11-2025,November,11,28,Friday,Weekday,48,,2025-11-28
Sinkie Day,2025-11-28,2025,28-11-2025,November,11,28,Friday,Weekday,48,Day after Thanksgiving,2025-11-28
Chocolates Day,2025-11-29,2025,29-11-2025,November,11,29,Saturday,Weekend,48,,2025-11-29
National Lemon Cream Pie Day,2025-11-29,2025,29-11-2025,November,11,29,Saturday,Weekend,48,,2025-11-29
National Mousse Day,2025-11-30,2025,30-11-2025,November,11,30,Sunday,Weekend,48,,2025-11-30
Eat Red Apple Day,2025-12-01,2025,01-12-2025,December,12,1,Monday,Weekday,49,,2025-12-01
National Pie Day,2025-12-01,2025,01-12-2025,December,12,1,Monday,Weekday,49,,2025-12-01
National Fritters Day,2025-12-02,2025,02-12-2025,December,12,2,Tuesday,Weekday,49,,2025-12-02
National Apple Pie Day,2025-12-03,2025,03-12-2025,December,12,3,Wednesday,Weekday,49,,2025-12-03
National Cookie Day,2025-12-04,2025,04-12-2025,December,12,4,Thursday,Weekday,49,,2025-12-04
National Sacher Torte Day,2025-12-05,2025,05-12-2025,December,12,5,Friday,Weekday,49,,2025-12-05
Microwave Oven Day,2025-12-06,2025,06-12-2025,December,12,6,Saturday,Weekend,49,,2025-12-06
National Gazpacho Day,2025-12-06,2025,06-12-2025,December,12,6,Saturday,Weekend,49,,2025-12-06
World Pear Day,2025-12-06,2025,06-12-2025,December,12,6,Saturday,Weekend,49,First Saturday in December,2025-12-06
National Cotton Candy Day,2025-12-07,2025,07-12-2025,December,12,7,Sunday,Weekend,49,,2025-12-07
National Chocolate Brownie Day,2025-12-08,2025,08-12-2025,December,12,8,Monday,Weekday,50,,2025-12-08
National Donair Day,2025-12-08,2025,08-12-2025,December,12,8,Monday,Weekday,50,,2025-12-08
National Opal Apples Day,2025-12-09,2025,09-12-2025,December,12,9,Tuesday,Weekday,50,,2025-12-09
National Pastry Day,2025-12-09,2025,09-12-2025,December,12,9,Tuesday,Weekday,50,,2025-12-09
National Lager Day,2025-12-10,2025,10-12-2025,December,12,10,Wednesday,Weekday,50,,2025-12-10
National Noodle Ring Day,2025-12-11,2025,11-12-2025,December,12,11,Thursday,Weekday,50,,2025-12-11
National Pho Day,2025-12-12,2025,12-12-2025,December,12,12,Friday,Weekday,50,,2025-12-12
National Cocoa Day,2025-12-12,2025,12-12-2025,December,12,12,Friday,Weekday,50,,2025-12-12
Ice Cream and Violins Day,2025-12-13,2025,13-12-2025,December,12,13,Saturday,Weekend,50,,2025-12-13
National Bouillabaisse Day,2025-12-14,2025,14-12-2025,December,12,14,Sunday,Weekend,50,,2025-12-14
National Cupcake Day,2025-12-15,2025,15-12-2025,December,12,15,Monday,Weekday,51,,2025-12-15
National Chocolate Covered Anything Day,2025-12-16,2025,16-12-2025,December,12,16,Tuesday,Weekday,51,,2025-12-16
National Maple Syrup Day,2025-12-17,2025,17-12-2025,December,12,17,Wednesday,Weekday,51,,2025-12-17
National Roast Suckling Pig Day,2025-12-18,2025,18-12-2025,December,12,18,Thursday,Weekday,51,,2025-12-18
National Hard Candy Day,2025-12-19,2025,19-12-2025,December,12,19,Friday,Weekday,51,,2025-12-19
National Fried Shrimp Day,2025-12-20,2025,20-12-2025,December,12,20,Saturday,Weekend,51,,2025-12-20
Kiwi Fruit Day (California),2025-12-21,2025,21-12-2025,December,12,21,Sunday,Weekend,51,,2025-12-21
National Hamburger Day,2025-12-21,2025,21-12-2025,December,12,21,Sunday,Weekend,51,,2025-12-21
National Date Nut Bread Day,2025-12-22,2025,22-12-2025,December,12,22,Monday,Weekday,52,,2025-12-22
National Pfeffernuesse Day,2025-12-23,2025,23-12-2025,December,12,23,Tuesday,Weekday,52,,2025-12-23
National Eggnog Day,2025-12-24,2025,24-12-2025,December,12,24,Wednesday,Weekday,52,,2025-12-24
National Tamales Day,2025-12-25,2025,25-12-2025,December,12,25,Thursday,Weekday,52,,2025-12-25
National Pumpkin Pie Day,2025-12-25,2025,25-12-2025,December,12,25,Thursday,Weekday,52,,2025-12-25
National Candy Cane Day,2025-12-26,2025,26-12-2025,December,12,26,Friday,Weekday,52,,2025-12-26
National Fruit Cake Day,2025-12-27,2025,27-12-2025,December,12,27,Saturday,Weekend,52,,2025-12-27
National Box of Chocolate Day,2025-12-28,2025,28-12-2025,December,12,28,Sunday,Weekend,52,,2025-12-28
Pepper Pot Day,2025-12-29,2025,29-12-2025,December,12,29,Monday,Weekday,53,,2025-12-29
Bacon Day,2025-12-30,2025,30-12-2025,December,12,30,Tuesday,Weekday,53,,2025-12-30
National Bicarbonate of Soda Day (Baking Soda),2025-12-30,2025,30-12-2025,December,12,30,Tuesday,Weekday,53,,2025-12-30
National Champagne Day,2025-12-31,2025,31-12-2025,December,12,31,Wednesday,Weekday,53,,2025-12-31
